{
    "CIV's Luna-InternalTest2": {
        "strategyName": "CIV's Luna-InternalTest2",
        "lpPool": "SHIB/ETH",
        "type": "lp",
        "subType": "token-token",
        "reportingDenomination": "USDT",
        "openingDate": "2023-11-17T20:00",
        "profitW/ONoise": -24.770381414562507,
        "CAGRW/ONoise": -2.428860738568428,
        "totalPercentChangeW/ONoise": -0.20612217035366848,
        "profit": -23.804149115041582,
        "CAGR": -2.335138997220798,
        "totalPercentChange": -0.19808184609261445,
        "totalInitialValue": 12017.33,
        "totalValue": 11993.525850884958,
        "NAV": 12846.531274871359,
        "NAVWNoise": 12845.565042571838,
        "totalNAVChange": 6.900045807773929,
        "totalNAVChangeWoNoise": 6.892005483512875,
        "totalNAVChangeWoNoiseCAGR": 121.27553163204676,
        "UniV3UnclaimedFees": 0,
        "hedgedV3UnclaimedFees": 0,
        "feeToken0": 0,
        "feeToken1": 0,
        "feesAPR": 0,
        "lpInitialValue": 8417.33,
        "totalLpTokenValue": 9442.764799306358,
        "initialHedgeCollateral": 3600,
        "hedgeCollateralValue": 2550.7610515786,
        "hedgeCollateralValueWONoise": 2549.794819279079,
        "lpTokenValueChange": 1025.4347993063584,
        "hedgeCollateralChange": -1049.2389484214,
        "hedgeCollateralChangeWONoise": -1050.2051807209207,
        "cexToken0Qty": 502172000,
        "lpToken0Qty": 486212544.80662316,
        "deltaToken0": 15959455.19337684,
        "deltaToken0Percent": 3.282403007459268,
        "cexToken1Qty": 2.073,
        "lpToken1Qty": 2.19850387389791,
        "deltaToken1": -0.12550387389791018,
        "deltaToken1Percent": -5.708603718554925,
        "token0DexPrice": 0.000009761300000000001,
        "token1DexPrice": "2136.31567424",
        "token0CexPrice": "0.00976200",
        "token1CexPrice": "2135.68000000",
        "showStrat": true,
        "outOfRange": false,
        "token0PriceDecimals": "6",
        "token1PriceDecimals": "2",
        "token0QuantityDecimals": "0",
        "token1QuantityDecimals": "3",
        "calculatedNAVWoNoise": 11992.559618585437,
        "totalcalculatedNAVChangeWoNoiseCAGR": -2.428860738568428,
        "initialVPS": 1,
        "presentVPS": 0.9973586546753112,
        "totalUnitChangeWoNoise": -0.26413453246888485,
        "totalUnitChangeWoNoiseCAGR": -3.102641714938459,
        "totalCalculatedUnitChangeWoNoise": -0.26413453246888485,
        "totalCalculatedUnitChangeWoNoiseCAGR": -3.102641714938459,
        "totalShares": 12024.32,
        "PVGammaHedge": -123.56343445948002,
        "ExpectedGammaHedge": 98.79305304491777,
        "PVDeltaHedge": -926.6417462614406,
        "sumOfExecutionFees": -10.478518311399997,
        "sumOfTpOrderProfit": 0,
        "sumOfSlippage": -6.094165356026403,
        "sumOfMisses": -252.50259869499996,
        "fundingFee": 0,
        "fundingFeeRate": 12.223939846153842,
        "latestFundingFeeRate": 13.7329425,
        "timestamp": "2023-12-18 11:08:15",
        "unixTimestamp": 1702897695
    },
    "RNDR_ETH(V2)R1": {
        "strategyName": "RNDR_ETH(V2)R1",
        "lpPool": "RNDR/ETH",
        "type": "lp",
        "subType": "token-token",
        "reportingDenomination": "USDT",
        "openingDate": "2023-11-20T20:00",
        "profitW/ONoise": -35.29919733823226,
        "CAGRW/ONoise": -3.3082497572809677,
        "totalPercentChangeW/ONoise": -0.25434007221283966,
        "profit": -35.29006493223278,
        "CAGR": -3.3074071062375587,
        "totalPercentChange": -0.2542742708072403,
        "totalInitialValue": 13878.74,
        "totalValue": 13843.449935067767,
        "NAV": 14525.333386425362,
        "NAVWNoise": 14525.324254019362,
        "totalNAVChange": 4.658876716657002,
        "totalNAVChangeWoNoise": 4.6588109152514035,
        "totalNAVChangeWoNoiseCAGR": 82.49285011706,
        "UniV3UnclaimedFees": 0,
        "hedgedV3UnclaimedFees": 0,
        "feeToken0": 0,
        "feeToken1": 0,
        "feesAPR": 0,
        "lpInitialValue": 9778.74,
        "totalLpTokenValue": 11119.259152220362,
        "initialHedgeCollateral": 4100,
        "hedgeCollateralValue": 2724.190782847405,
        "hedgeCollateralValueWONoise": 2724.181650441405,
        "lpTokenValueChange": 1340.5191522203622,
        "hedgeCollateralChange": -1375.8092171525948,
        "hedgeCollateralChangeWONoise": -1375.818349558595,
        "cexToken0Qty": 1336.7605800000006,
        "lpToken0Qty": 1390.4027684886928,
        "deltaToken0": -53.64218848869223,
        "deltaToken0Percent": -3.858032341736413,
        "cexToken1Qty": 2.3164999999999996,
        "lpToken1Qty": 2.5845538938660853,
        "deltaToken1": -0.2680538938660857,
        "deltaToken1Percent": -10.371379544541798,
        "token0DexPrice": "4.02770000",
        "token1DexPrice": "2135.43000000",
        "token0CexPrice": "4.02700000",
        "token1CexPrice": "2135.83000000",
        "showStrat": true,
        "outOfRange": false,
        "token0PriceDecimals": "6",
        "token1PriceDecimals": "2",
        "token0QuantityDecimals": "0",
        "token1QuantityDecimals": "3",
        "calculatedNAVWoNoise": 13843.440802661768,
        "totalcalculatedNAVChangeWoNoiseCAGR": -3.3082497572809677,
        "initialVPS": 1,
        "presentVPS": 0.9909746936660506,
        "totalUnitChangeWoNoise": -0.9025306333949379,
        "totalUnitChangeWoNoiseCAGR": -11.28747069753272,
        "totalCalculatedUnitChangeWoNoise": -0.9025306333949379,
        "totalCalculatedUnitChangeWoNoiseCAGR": -11.28747069753272,
        "totalShares": 13969.52,
        "PVGammaHedge": -210.0687124989951,
        "ExpectedGammaHedge": 174.76951516076247,
        "PVDeltaHedge": -1165.7496370595998,
        "sumOfExecutionFees": -45.59184560900002,
        "sumOfTpOrderProfit": 0,
        "sumOfSlippage": -0.5558885381989399,
        "sumOfMisses": null,
        "fundingFee": 0,
        "fundingFeeRate": 13.177851065787532,
        "latestFundingFeeRate": 17.722575
    },
    "CIV's PEPE-v2": {
        "strategyName": "CIV's PEPE-v2",
        "lpPool": "PEPE/ETH",
        "type": "lp",
        "subType": "token-token",
        "reportingDenomination": "USDT",
        "openingDate": "2023-12-16T05:00",
        "profitW/ONoise": 9.528799127981983,
        "CAGRW/ONoise": 11.382707158925243,
        "totalPercentChangeW/ONoise": 0.06662536115763731,
        "profit": 9.840198627980499,
        "CAGR": 11.775659182355058,
        "totalPercentChange": 0.06880266638498579,
        "totalInitialValue": 14302.06,
        "totalValue": 14311.90019862798,
        "NAV": 11112.56523237122,
        "NAVWNoise": 11112.25383287122,
        "totalNAVChange": -22.300946630267106,
        "totalNAVChangeWoNoise": -22.303123935494465,
        "totalNAVChangeWoNoiseCAGR": -100,
        "UniV3UnclaimedFees": 0,
        "hedgedV3UnclaimedFees": 0,
        "feeToken0": 0,
        "feeToken1": 0,
        "feesAPR": 0,
        "lpInitialValue": 8302.06,
        "totalLpTokenValue": 7712.61672985122,
        "initialHedgeCollateral": 6000,
        "hedgeCollateralValue": 6599.283468776761,
        "hedgeCollateralValueWONoise": 6598.9720692767605,
        "lpTokenValueChange": -589.4432701487794,
        "hedgeCollateralChange": 599.2834687767605,
        "hedgeCollateralChangeWONoise": 598.9720692767607,
        "cexToken0Qty": 3303225000,
        "lpToken0Qty": 3133572588.712553,
        "deltaToken0": 169652411.28744698,
        "deltaToken0Percent": 5.414025253429655,
        "cexToken1Qty": 1.8923,
        "lpToken1Qty": 1.8002337583764267,
        "deltaToken1": 0.09206624162357335,
        "deltaToken1Percent": 5.114127051289437,
        "token0DexPrice": 0.0000012333000000000001,
        "token1DexPrice": "2137.49000000",
        "token0CexPrice": "0.00123320",
        "token1CexPrice": "2137.50000000",
        "showStrat": true,
        "outOfRange": false,
        "token0PriceDecimals": "6",